layer,gguf_type,source_bytes,layer_source_bytes,layer_percent,payload_percent,tensor_count,roles
0,IQ4_XS,61276160,139756416,43.844970952889916,0.5210313285759041,3,"[""attn_gate.weight"", ""attn_qkv.weight"", ""ssm_out.weight""]"
0,IQ2_S,28549120,139756416,20.42777055759644,0.24275323263195528,1,"[""ffn_down.weight""]"
0,IQ2_XS,25763840,139756416,18.43481733246508,0.21906999042395964,1,"[""ffn_gate.weight""]"
0,IQ2_XXS,22978560,139756416,16.44186410733372,0.195386748215964,1,"[""ffn_up.weight""]"
0,BF16,983040,139756416,0.7033952559287153,0.008358791367527872,2,"[""ssm_alpha.weight"", ""ssm_beta.weight""]"
0,F32,205696,139756416,0.14718179378612573,0.0017490335582835013,6,"[""attn_norm.weight"", ""post_attention_norm.weight"", ""ssm_a"", ""ssm_conv1d.weight"", ""ssm_dt.bias"", ""ssm_norm.weight""]"
1,IQ3_S,60825600,140493696,43.29418453052869,0.517200215865787,2,"[""attn_qkv.weight"", ""ffn_down.weight""]"
1,IQ2_XS,25763840,140493696,18.338075467813162,0.21906999042395964,1,"[""ffn_gate.weight""]"
1,IQ2_XXS,22978560,140493696,16.35558082264417,0.195386748215964,1,"[""ffn_up.weight""]"
1,Q4_K,17694720,140493696,12.594671863426527,0.1504582446155017,1,"[""ssm_out.weight""]"
1,IQ3_XXS,12042240,140493696,8.571373907054165,0.10239519425221642,1,"[""attn_gate.weight""]"
1,BF16,983040,140493696,0.6997039924125849,0.008358791367527872,2,"[""ssm_alpha.weight"", ""ssm_beta.weight""]"
1,F32,205696,140493696,0.14640941612070624,0.0017490335582835013,6,"[""attn_norm.weight"", ""post_attention_norm.weight"", ""ssm_a"", ""ssm_conv1d.weight"", ""ssm_dt.bias"", ""ssm_norm.weight""]"
2,IQ3_S,90112000,162202496,55.55524866892307,0.7662225420233882,3,"[""attn_gate.weight"", ""ffn_down.weight"", ""ffn_up.weight""]"
2,IQ3_XXS,54190080,162202496,33.40890635862965,0.4607783741349739,2,"[""attn_qkv.weight"", ""ffn_gate.weight""]"
2,IQ4_XS,16711680,162202496,10.30297338950937,0.14209945324797382,1,"[""ssm_out.weight""]"
2,BF16,983040,162202496,0.6060572582064335,0.008358791367527872,2,"[""ssm_alpha.weight"", ""ssm_beta.weight""]"
2,F32,205696,162202496,0.12681432473147639,0.0017490335582835013,6,"[""attn_norm.weight"", ""post_attention_norm.weight"", ""ssm_a"", ""ssm_conv1d.weight"", ""ssm_dt.bias"", ""ssm_norm.weight""]"
3,IQ3_XXS,68239360,140822528,48.45770131324443,0.5802394340958931,2,"[""ffn_gate.weight"", ""ffn_up.weight""]"
3,IQ3_S,56320000,140822528,39.993601023836185,0.47888908876461767,4,"[""attn_k.weight"", ""attn_output.weight"", ""attn_v.weight"", ""ffn_down.weight""]"
3,IQ2_XXS,16220160,140822528,11.518157094864822,0.13792005756420989,1,"[""attn_q.weight""]"
3,F32,43008,140822528,0.030540568054565814,0.0003656971223293444,4,"[""attn_k_norm.weight"", ""attn_norm.weight"", ""attn_q_norm.weight"", ""post_attention_norm.weight""]"
4,IQ3_XXS,114401280,151634816,75.44525922067925,0.9727543453960561,4,"[""attn_gate.weight"", ""ffn_down.weight"", ""ffn_gate.weight"", ""ffn_up.weight""]"
4,IQ3_S,36044800,151634816,23.770794169064708,0.3064890168093553,2,"[""attn_qkv.weight"", ""ssm_out.weight""]"
4,BF16,983040,151634816,0.6482943864290375,0.008358791367527872,2,"[""ssm_alpha.weight"", ""ssm_beta.weight""]"
4,F32,205696,151634816,0.13565222382701345,0.0017490335582835013,6,"[""attn_norm.weight"", ""post_attention_norm.weight"", ""ssm_a"", ""ssm_conv1d.weight"", ""ssm_dt.bias"", ""ssm_norm.weight""]"
5,IQ3_S,74342400,168141696,44.21413710493321,0.6321335971692953,3,"[""attn_gate.weight"", ""attn_qkv.weight"", ""ffn_gate.weight""]"
5,IQ4_XS,64061440,168141696,38.09967516920967,0.5447145707838996,2,"[""ffn_down.weight"", ""ssm_out.weight""]"
5,IQ2_S,28549120,168141696,16.97920306453909,0.24275323263195528,1,"[""ffn_up.weight""]"
5,BF16,983040,168141696,0.584649746842092,0.008358791367527872,2,"[""ssm_alpha.weight"", ""ssm_beta.weight""]"
5,F32,205696,168141696,0.12233491447594295,0.0017490335582835013,6,"[""attn_norm.weight"", ""post_attention_norm.weight"", ""ssm_a"", ""ssm_conv1d.weight"", ""ssm_dt.bias"", ""ssm_norm.weight""]"
6,IQ3_S,164454400,165643136,99.28235118658947,1.3983561391926835,6,"[""attn_gate.weight"", ""attn_qkv.weight"", ""ffn_down.weight"", ""ffn_gate.weight"", ""ffn_up.weight"", ""ssm_out.weight""]"
6,BF16,983040,165643136,0.5934685998700242,0.008358791367527872,2,"[""ssm_alpha.weight"", ""ssm_beta.weight""]"
6,F32,205696,165643136,0.12418021354051158,0.0017490335582835013,6,"[""attn_norm.weight"", ""post_attention_norm.weight"", ""ssm_a"", ""ssm_conv1d.weight"", ""ssm_dt.bias"", ""ssm_norm.weight""]"
7,IQ2_S,57098240,128985088,44.26731871516807,0.48550646526391056,2,"[""ffn_down.weight"", ""ffn_gate.weight""]"
7,IQ3_XXS,46161920,128985088,35.7885711563805,0.39251491130016297,2,"[""attn_output.weight"", ""ffn_up.weight""]"
7,Q2_K,20643840,128985088,16.00482685254283,0.17553461871808532,1,"[""attn_q.weight""]"
7,IQ4_XS,2785280,128985088,2.1593814007399055,0.023683242207995638,1,"[""attn_k.weight""]"
7,IQ3_S,2252800,128985088,1.7465584858925707,0.019155563550584707,1,"[""attn_v.weight""]"
7,F32,43008,128985088,0.0333433892761309,0.0003656971223293444,4,"[""attn_k_norm.weight"", ""attn_norm.weight"", ""attn_q_norm.weight"", ""post_attention_norm.weight""]"
8,IQ3_XXS,114401280,151634816,75.44525922067925,0.9727543453960561,4,"[""ffn_down.weight"", ""ffn_gate.weight"", ""ffn_up.weight"", ""ssm_out.weight""]"
8,IQ3_S,36044800,151634816,23.770794169064708,0.3064890168093553,2,"[""attn_gate.weight"", ""attn_qkv.weight""]"
8,BF16,983040,151634816,0.6482943864290375,0.008358791367527872,2,"[""ssm_alpha.weight"", ""ssm_beta.weight""]"
8,F32,205696,151634816,0.13565222382701345,0.0017490335582835013,6,"[""attn_norm.weight"", ""post_attention_norm.weight"", ""ssm_a"", ""ssm_conv1d.weight"", ""ssm_dt.bias"", ""ssm_norm.weight""]"
9,IQ3_S,99123200,151225216,65.54674056474815,0.842844796225727,3,"[""attn_qkv.weight"", ""ffn_down.weight"", ""ffn_up.weight""]"
9,IQ2_S,28549120,151225216,18.878544699846884,0.24275323263195528,1,"[""ffn_gate.weight""]"
9,IQ3_XXS,12042240,151225216,7.963116415717336,0.10239519425221642,1,"[""ssm_out.weight""]"
9,Q2_K,10321920,151225216,6.825528356329145,0.08776730935904266,1,"[""attn_gate.weight""]"
9,BF16,983040,151225216,0.6500503196503948,0.008358791367527872,2,"[""ssm_alpha.weight"", ""ssm_beta.weight""]"
9,F32,205696,151225216,0.13601964370809694,0.0017490335582835013,6,"[""attn_norm.weight"", ""post_attention_norm.weight"", ""ssm_a"", ""ssm_conv1d.weight"", ""ssm_dt.bias"", ""ssm_norm.weight""]"
10,IQ3_XXS,88309760,141886336,62.2397917160959,0.7508980911829205,3,"[""attn_qkv.weight"", ""ffn_gate.weight"", ""ffn_up.weight""]"
10,IQ2_S,28549120,141886336,20.121120049220245,0.24275323263195528,1,"[""ffn_down.weight""]"
10,IQ3_S,13516800,141886336,9.526498732055495,0.11493338130350823,1,"[""ssm_out.weight""]"
10,Q2_K,10321920,141886336,7.274780849933287,0.08776730935904266,1,"[""attn_gate.weight""]"
10,BF16,983040,141886336,0.6928362714222178,0.008358791367527872,2,"[""ssm_alpha.weight"", ""ssm_beta.weight""]"
10,F32,205696,141886336,0.14497238127285209,0.0017490335582835013,6,"[""attn_norm.weight"", ""post_attention_norm.weight"", ""ssm_a"", ""ssm_conv1d.weight"", ""ssm_dt.bias"", ""ssm_norm.weight""]"
11,IQ2_XS,51527680,123537408,41.71018384973724,0.4381399808479193,2,"[""ffn_down.weight"", ""ffn_gate.weight""]"
11,IQ3_XXS,36126720,123537408,29.24354702342468,0.3071855827566493,2,"[""attn_v.weight"", ""ffn_up.weight""]"
11,Q2_K,20643840,123537408,16.710598299099814,0.17553461871808532,1,"[""attn_q.weight""]"
11,IQ3_S,13516800,123537408,10.941463172029641,0.11493338130350823,1,"[""attn_output.weight""]"
11,IQ2_S,1679360,123537408,1.3593939092521676,0.01427960191952678,1,"[""attn_k.weight""]"
11,F32,43008,123537408,0.03481374645645795,0.0003656971223293444,4,"[""attn_k_norm.weight"", ""attn_norm.weight"", ""attn_q_norm.weight"", ""post_attention_norm.weight""]"
12,IQ3_XXS,54190080,133530496,40.582549772001144,0.4607783741349739,2,"[""attn_qkv.weight"", ""ffn_down.weight""]"
12,IQ2_S,28549120,133530496,21.380224634228874,0.24275323263195528,1,"[""ffn_gate.weight""]"
12,IQ2_XS,25763840,133530496,19.294349060157764,0.21906999042395964,1,"[""ffn_up.weight""]"
12,IQ3_S,13516800,133530496,10.122631462403914,0.11493338130350823,1,"[""ssm_out.weight""]"
12,Q2_K,10321920,133530496,7.730009480381171,0.08776730935904266,1,"[""attn_gate.weight""]"
12,BF16,983040,133530496,0.7361913790839211,0.008358791367527872,2,"[""ssm_alpha.weight"", ""ssm_beta.weight""]"
12,F32,205696,133530496,0.1540442117432111,0.0017490335582835013,6,"[""attn_norm.weight"", ""post_attention_norm.weight"", ""ssm_a"", ""ssm_conv1d.weight"", ""ssm_dt.bias"", ""ssm_norm.weight""]"
13,IQ3_XXS,54190080,127263616,42.58096831069141,0.4607783741349739,2,"[""attn_qkv.weight"", ""ffn_down.weight""]"
13,IQ2_S,28549120,127263616,22.433057379101975,0.24275323263195528,1,"[""ffn_up.weight""]"
13,IQ1_M,19496960,127263616,15.320136746703787,0.16578269545596946,1,"[""ffn_gate.weight""]"
13,IQ3_S,13516800,127263616,10.621103206748424,0.11493338130350823,1,"[""ssm_out.weight""]"
13,Q2_K,10321920,127263616,8.110660630607887,0.08776730935904266,1,"[""attn_gate.weight""]"
13,BF16,983040,127263616,0.7724438695817035,0.008358791367527872,2,"[""ssm_alpha.weight"", ""ssm_beta.weight""]"
13,F32,205696,127263616,0.1616298565648174,0.0017490335582835013,6,"[""attn_norm.weight"", ""post_attention_norm.weight"", ""ssm_a"", ""ssm_conv1d.weight"", ""ssm_dt.bias"", ""ssm_norm.weight""]"
14,IQ2_S,57098240,121979776,46.80959571527661,0.48550646526391056,2,"[""ffn_down.weight"", ""ffn_up.weight""]"
14,IQ2_XXS,22978560,121979776,18.838008031757656,0.195386748215964,1,"[""ffn_gate.weight""]"
14,IQ2_XS,15155200,121979776,12.424354673351752,0.12886470024938804,1,"[""attn_qkv.weight""]"
14,IQ3_S,13516800,121979776,11.081181195151563,0.11493338130350823,1,"[""ssm_out.weight""]"
14,IQ3_XXS,12042240,121979776,9.872325064771394,0.10239519425221642,1,"[""attn_gate.weight""]"
14,BF16,983040,121979776,0.8059040869201137,0.008358791367527872,2,"[""ssm_alpha.weight"", ""ssm_beta.weight""]"
14,F32,205696,121979776,0.1686312327709144,0.0017490335582835013,6,"[""attn_norm.weight"", ""post_attention_norm.weight"", ""ssm_a"", ""ssm_conv1d.weight"", ""ssm_dt.bias"", ""ssm_norm.weight""]"
15,IQ3_XXS,68239360,133408768,51.1505810472667,0.5802394340958931,2,"[""ffn_gate.weight"", ""ffn_up.weight""]"
15,IQ2_XS,25763840,133408768,19.311954068865997,0.21906999042395964,1,"[""ffn_down.weight""]"
15,Q2_K,20643840,133408768,15.474125358836984,0.17553461871808532,1,"[""attn_q.weight""]"
15,IQ3_S,15769600,133408768,11.820512426889364,0.13408894485409295,2,"[""attn_output.weight"", ""attn_v.weight""]"
15,Q4_K,2949120,133408768,2.210589336976712,0.025076374102583614,1,"[""attn_k.weight""]"
15,F32,43008,133408768,0.03223776116424372,0.0003656971223293444,4,"[""attn_k_norm.weight"", ""attn_norm.weight"", ""attn_q_norm.weight"", ""post_attention_norm.weight""]"
16,IQ3_XXS,54190080,140616576,38.537476548995194,0.4607783741349739,2,"[""attn_qkv.weight"", ""ffn_up.weight""]"
16,Q2_K,29245440,140616576,20.79800321691804,0.2486740431839542,1,"[""ffn_down.weight""]"
16,IQ2_XS,25763840,140616576,18.322050452999225,0.21906999042395964,1,"[""ffn_gate.weight""]"
16,IQ4_XS,16711680,140616576,11.884573266810309,0.14209945324797382,1,"[""attn_gate.weight""]"
16,IQ3_S,13516800,140616576,9.61252249521422,0.11493338130350823,1,"[""ssm_out.weight""]"
16,BF16,983040,140616576,0.6990925451064888,0.008358791367527872,2,"[""ssm_alpha.weight"", ""ssm_beta.weight""]"
16,F32,205696,140616576,0.146281473956527,0.0017490335582835013,6,"[""attn_norm.weight"", ""post_attention_norm.weight"", ""ssm_a"", ""ssm_conv1d.weight"", ""ssm_dt.bias"", ""ssm_norm.weight""]"
17,IQ3_S,60825600,138445696,43.934626902377666,0.517200215865787,2,"[""attn_qkv.weight"", ""ffn_up.weight""]"
17,IQ2_S,38625280,138445696,27.89922772319336,0.32843084414911594,2,"[""attn_gate.weight"", ""ffn_gate.weight""]"
17,IQ2_XS,25763840,138445696,18.609347017909464,0.21906999042395964,1,"[""ffn_down.weight""]"
17,IQ3_XXS,12042240,138445696,8.698168558450527,0.10239519425221642,1,"[""ssm_out.weight""]"
17,BF16,983040,138445696,0.7100545762000431,0.008358791367527872,2,"[""ssm_alpha.weight"", ""ssm_beta.weight""]"
17,F32,205696,138445696,0.14857522186894132,0.0017490335582835013,6,"[""attn_norm.weight"", ""post_attention_norm.weight"", ""ssm_a"", ""ssm_conv1d.weight"", ""ssm_dt.bias"", ""ssm_norm.weight""]"
18,IQ3_S,51814400,144917376,35.7544425866502,0.44057796166344826,2,"[""ffn_down.weight"", ""ssm_out.weight""]"
18,IQ3_XXS,46161920,144917376,31.853957940833816,0.39251491130016297,2,"[""attn_gate.weight"", ""ffn_gate.weight""]"
18,IQ2_S,28549120,144917376,19.70027389952189,0.24275323263195528,1,"[""ffn_up.weight""]"
18,Q2_K,17203200,144917376,11.871040226397696,0.14627884893173776,1,"[""attn_qkv.weight""]"
18,BF16,983040,144917376,0.678345155794154,0.008358791367527872,2,"[""ssm_alpha.weight"", ""ssm_beta.weight""]"
18,F32,205696,144917376,0.1419401908022403,0.0017490335582835013,6,"[""attn_norm.weight"", ""post_attention_norm.weight"", ""ssm_a"", ""ssm_conv1d.weight"", ""ssm_dt.bias"", ""ssm_norm.weight""]"
19,IQ3_XXS,70246400,145000448,48.44564342311549,0.5973052998045958,3,"[""attn_k.weight"", ""ffn_gate.weight"", ""ffn_up.weight""]"
19,IQ3_S,54067200,145000448,37.287608932077234,0.45973352521403293,3,"[""attn_output.weight"", ""attn_v.weight"", ""ffn_down.weight""]"
19,Q2_K,20643840,145000448,14.237087046793125,0.17553461871808532,1,"[""attn_q.weight""]"
19,F32,43008,145000448,0.029660598014152342,0.0003656971223293444,4,"[""attn_k_norm.weight"", ""attn_norm.weight"", ""attn_q_norm.weight"", ""post_attention_norm.weight""]"
20,IQ3_XXS,122429440,154829696,79.0736164721269,1.041017808230867,4,"[""attn_qkv.weight"", ""ffn_down.weight"", ""ffn_gate.weight"", ""ffn_up.weight""]"
20,Q4_K,17694720,154829696,11.42850529138803,0.1504582446155017,1,"[""attn_gate.weight""]"
20,IQ3_S,13516800,154829696,8.730108208699189,0.11493338130350823,1,"[""ssm_out.weight""]"
20,BF16,983040,154829696,0.6349169606326683,0.008358791367527872,2,"[""ssm_alpha.weight"", ""ssm_beta.weight""]"
20,F32,205696,154829696,0.13285306715321588,0.0017490335582835013,6,"[""attn_norm.weight"", ""post_attention_norm.weight"", ""ssm_a"", ""ssm_conv1d.weight"", ""ssm_dt.bias"", ""ssm_norm.weight""]"
21,IQ3_XXS,68239360,169534336,40.25105569175084,0.5802394340958931,2,"[""ffn_gate.weight"", ""ffn_up.weight""]"
21,IQ4_XS,64061440,169534336,37.7867053432763,0.5447145707838996,2,"[""attn_gate.weight"", ""ffn_down.weight""]"
21,IQ3_S,36044800,169534336,21.261061829976438,0.3064890168093553,2,"[""attn_qkv.weight"", ""ssm_out.weight""]"
21,BF16,983040,169534336,0.5798471408175392,0.008358791367527872,2,"[""ssm_alpha.weight"", ""ssm_beta.weight""]"
21,F32,205696,169534336,0.12132999417887831,0.0017490335582835013,6,"[""attn_norm.weight"", ""post_attention_norm.weight"", ""ssm_a"", ""ssm_conv1d.weight"", ""ssm_dt.bias"", ""ssm_norm.weight""]"
22,IQ3_S,103628800,159007616,65.17222420339917,0.8811559233268965,4,"[""attn_gate.weight"", ""ffn_down.weight"", ""ffn_up.weight"", ""ssm_out.weight""]"
22,IQ3_XXS,54190080,159007616,34.080178901619405,0.4607783741349739,2,"[""attn_qkv.weight"", ""ffn_gate.weight""]"
22,BF16,983040,159007616,0.6182345378978577,0.008358791367527872,2,"[""ssm_alpha.weight"", ""ssm_beta.weight""]"
22,F32,205696,159007616,0.12936235708357516,0.0017490335582835013,6,"[""attn_norm.weight"", ""post_attention_norm.weight"", ""ssm_a"", ""ssm_conv1d.weight"", ""ssm_dt.bias"", ""ssm_norm.weight""]"
23,IQ3_S,155443200,161384448,96.3185746373777,1.3217338849903448,5,"[""attn_output.weight"", ""attn_q.weight"", ""ffn_down.weight"", ""ffn_gate.weight"", ""ffn_up.weight""]"
23,Q4_K,5898240,161384448,3.6547759546198653,0.05015274820516723,2,"[""attn_k.weight"", ""attn_v.weight""]"
23,F32,43008,161384448,0.026649408002436516,0.0003656971223293444,4,"[""attn_k_norm.weight"", ""attn_norm.weight"", ""attn_q_norm.weight"", ""post_attention_norm.weight""]"
24,IQ3_S,126156800,174695296,72.2153388720896,1.0727115588327436,5,"[""attn_gate.weight"", ""attn_qkv.weight"", ""ffn_gate.weight"", ""ffn_up.weight"", ""ssm_out.weight""]"
24,IQ4_XS,47349760,174695296,27.104198615628437,0.4026151175359258,1,"[""ffn_down.weight""]"
24,BF16,983040,174695296,0.5627169262760229,0.008358791367527872,2,"[""ssm_alpha.weight"", ""ssm_beta.weight""]"
24,F32,205696,174695296,0.11774558600593343,0.0017490335582835013,6,"[""attn_norm.weight"", ""post_attention_norm.weight"", ""ssm_a"", ""ssm_conv1d.weight"", ""ssm_dt.bias"", ""ssm_norm.weight""]"
25,IQ3_S,141926400,163185536,86.97241402571365,1.2068005036868366,5,"[""attn_gate.weight"", ""ffn_down.weight"", ""ffn_gate.weight"", ""ffn_up.weight"", ""ssm_out.weight""]"
25,IQ3_XXS,20070400,163185536,12.299129256161526,0.17065865708702738,1,"[""attn_qkv.weight""]"
25,BF16,983040,163185536,0.602406330914034,0.008358791367527872,2,"[""ssm_alpha.weight"", ""ssm_beta.weight""]"
25,F32,205696,163185536,0.1260503872107881,0.0017490335582835013,6,"[""attn_norm.weight"", ""post_attention_norm.weight"", ""ssm_a"", ""ssm_conv1d.weight"", ""ssm_dt.bias"", ""ssm_norm.weight""]"
26,IQ3_S,74342400,173712256,42.796289514540646,0.6321335971692953,3,"[""attn_qkv.weight"", ""ffn_down.weight"", ""ssm_out.weight""]"
26,IQ4_XS,64061440,173712256,36.87790457341133,0.5447145707838996,2,"[""attn_gate.weight"", ""ffn_up.weight""]"
26,IQ3_XXS,34119680,173712256,19.64149265322995,0.29011971704794653,1,"[""ffn_gate.weight""]"
26,BF16,983040,173712256,0.5659013489526036,0.008358791367527872,2,"[""ssm_alpha.weight"", ""ssm_beta.weight""]"
26,F32,205696,173712256,0.11841190986547316,0.0017490335582835013,6,"[""attn_norm.weight"", ""post_attention_norm.weight"", ""ssm_a"", ""ssm_conv1d.weight"", ""ssm_dt.bias"", ""ssm_norm.weight""]"
27,IQ4_XS,83558400,172484608,48.44397478063666,0.7104972662398691,3,"[""attn_k.weight"", ""attn_q.weight"", ""ffn_up.weight""]"
27,IQ3_S,51814400,172484608,30.040013773286947,0.44057796166344826,2,"[""attn_output.weight"", ""ffn_down.weight""]"
27,IQ3_XXS,34119680,172484608,19.781289702093304,0.29011971704794653,1,"[""ffn_gate.weight""]"
27,Q4_K,2949120,172484608,1.709787345198941,0.025076374102583614,1,"[""attn_v.weight""]"
27,F32,43008,172484608,0.02493439878415122,0.0003656971223293444,4,"[""attn_k_norm.weight"", ""attn_norm.weight"", ""attn_q_norm.weight"", ""post_attention_norm.weight""]"
28,IQ3_S,74342400,171623296,43.31719628552059,0.6321335971692953,3,"[""attn_gate.weight"", ""attn_qkv.weight"", ""ffn_up.weight""]"
28,Q4_K,50135040,171623296,29.21225799089653,0.42629835974392144,1,"[""ffn_down.weight""]"
28,Q2_K,29245440,171623296,17.040483828022975,0.2486740431839542,1,"[""ffn_gate.weight""]"
28,IQ4_XS,16711680,171623296,9.737419330298842,0.14209945324797382,1,"[""ssm_out.weight""]"
28,BF16,983040,171623296,0.5727893723705202,0.008358791367527872,2,"[""ssm_alpha.weight"", ""ssm_beta.weight""]"
28,F32,205696,171623296,0.11985319289055024,0.0017490335582835013,6,"[""attn_norm.weight"", ""post_attention_norm.weight"", ""ssm_a"", ""ssm_conv1d.weight"", ""ssm_dt.bias"", ""ssm_norm.weight""]"
29,IQ3_XXS,134471680,152372096,88.25216921607483,1.1434130024830835,5,"[""attn_gate.weight"", ""attn_qkv.weight"", ""ffn_down.weight"", ""ffn_gate.weight"", ""ffn_up.weight""]"
29,IQ4_XS,16711680,152372096,10.967677441412896,0.14209945324797382,1,"[""ssm_out.weight""]"
29,BF16,983040,152372096,0.6451574965536997,0.008358791367527872,2,"[""ssm_alpha.weight"", ""ssm_beta.weight""]"
29,F32,205696,152372096,0.13499584595856712,0.0017490335582835013,6,"[""attn_norm.weight"", ""post_attention_norm.weight"", ""ssm_a"", ""ssm_conv1d.weight"", ""ssm_dt.bias"", ""ssm_norm.weight""]"
30,IQ3_S,74342400,160482176,46.32439679781012,0.6321335971692953,3,"[""attn_gate.weight"", ""attn_qkv.weight"", ""ffn_down.weight""]"
30,IQ3_XXS,68239360,160482176,42.521457336171714,0.5802394340958931,2,"[""ffn_gate.weight"", ""ffn_up.weight""]"
30,IQ4_XS,16711680,160482176,10.413418123144092,0.14209945324797382,1,"[""ssm_out.weight""]"
30,BF16,983040,160482176,0.6125540072437702,0.008358791367527872,2,"[""ssm_alpha.weight"", ""ssm_beta.weight""]"
30,F32,205696,160482176,0.12817373563030451,0.0017490335582835013,6,"[""attn_norm.weight"", ""post_attention_norm.weight"", ""ssm_a"", ""ssm_conv1d.weight"", ""ssm_dt.bias"", ""ssm_norm.weight""]"
31,IQ3_XXS,68239360,146475008,46.587715496147986,0.5802394340958931,2,"[""ffn_gate.weight"", ""ffn_up.weight""]"
31,IQ3_S,51814400,146475008,35.37422575187707,0.44057796166344826,2,"[""attn_output.weight"", ""ffn_down.weight""]"
31,Q2_K,20643840,146475008,14.093762671103592,0.17553461871808532,1,"[""attn_q.weight""]"
31,Q4_K,2949120,146475008,2.013394667300513,0.025076374102583614,1,"[""attn_v.weight""]"
31,IQ4_XS,2785280,146475008,1.9015394080060402,0.023683242207995638,1,"[""attn_k.weight""]"
31,F32,43008,146475008,0.02936200556479915,0.0003656971223293444,4,"[""attn_k_norm.weight"", ""attn_norm.weight"", ""attn_q_norm.weight"", ""post_attention_norm.weight""]"
32,IQ3_XXS,68239360,165806976,41.155904079693244,0.5802394340958931,2,"[""ffn_gate.weight"", ""ffn_up.weight""]"
32,IQ3_S,51814400,165806976,31.249831128938748,0.44057796166344826,2,"[""attn_gate.weight"", ""ffn_down.weight""]"
32,IQ4_XS,44564480,165806976,26.87732511326906,0.3789318753279302,2,"[""attn_qkv.weight"", ""ssm_out.weight""]"
32,BF16,983040,165806976,0.5928821716162292,0.008358791367527872,2,"[""ssm_alpha.weight"", ""ssm_beta.weight""]"
32,F32,205696,165806976,0.1240575064827188,0.0017490335582835013,6,"[""attn_norm.weight"", ""post_attention_norm.weight"", ""ssm_a"", ""ssm_conv1d.weight"", ""ssm_dt.bias"", ""ssm_norm.weight""]"
33,IQ3_XXS,80281600,146064256,54.96320742564149,0.6826346283481095,3,"[""ffn_down.weight"", ""ffn_gate.weight"", ""ssm_out.weight""]"
33,IQ3_S,36044800,146064256,24.677358436002304,0.3064890168093553,2,"[""attn_gate.weight"", ""attn_qkv.weight""]"
33,IQ2_S,28549120,146064256,19.54558957942455,0.24275323263195528,1,"[""ffn_up.weight""]"
33,BF16,983040,146064256,0.6730188664364265,0.008358791367527872,2,"[""ssm_alpha.weight"", ""ssm_beta.weight""]"
33,F32,205696,146064256,0.14082569249522622,0.0017490335582835013,6,"[""attn_norm.weight"", ""post_attention_norm.weight"", ""ssm_a"", ""ssm_conv1d.weight"", ""ssm_dt.bias"", ""ssm_norm.weight""]"
34,IQ3_S,74342400,169042816,43.97844389908886,0.6321335971692953,3,"[""attn_qkv.weight"", ""ffn_down.weight"", ""ssm_out.weight""]"
34,IQ4_XS,47349760,169042816,28.010513028841167,0.4026151175359258,1,"[""ffn_up.weight""]"
34,IQ3_XXS,46161920,169042816,27.307827148359856,0.39251491130016297,2,"[""attn_gate.weight"", ""ffn_gate.weight""]"
34,BF16,983040,169042816,0.5815331424672907,0.008358791367527872,2,"[""ssm_alpha.weight"", ""ssm_beta.weight""]"
34,F32,205696,169042816,0.12168278124283022,0.0017490335582835013,6,"[""attn_norm.weight"", ""post_attention_norm.weight"", ""ssm_a"", ""ssm_conv1d.weight"", ""ssm_dt.bias"", ""ssm_norm.weight""]"
35,IQ4_XS,66846720,169289728,39.486577708955856,0.5683978129918953,3,"[""attn_k.weight"", ""attn_output.weight"", ""ffn_down.weight""]"
35,IQ3_S,65331200,169289728,38.59135505256409,0.5555113429669565,2,"[""attn_q.weight"", ""ffn_up.weight""]"
35,IQ3_XXS,34119680,169289728,20.15460737227955,0.29011971704794653,1,"[""ffn_gate.weight""]"
35,Q4_K,2949120,169289728,1.742054898924523,0.025076374102583614,1,"[""attn_v.weight""]"
35,F32,43008,169289728,0.025404967275982626,0.0003656971223293444,4,"[""attn_k_norm.weight"", ""attn_norm.weight"", ""attn_q_norm.weight"", ""post_attention_norm.weight""]"
36,IQ4_XS,91914240,195052416,47.12284107262737,0.781546992863856,3,"[""attn_qkv.weight"", ""ffn_down.weight"", ""ssm_out.weight""]"
36,IQ3_S,51814400,195052416,26.564346683098762,0.44057796166344826,2,"[""attn_gate.weight"", ""ffn_gate.weight""]"
36,Q4_K,50135040,195052416,25.703367857796746,0.42629835974392144,1,"[""ffn_up.weight""]"
36,BF16,983040,195052416,0.5039876050548382,0.008358791367527872,2,"[""ssm_alpha.weight"", ""ssm_beta.weight""]"
36,F32,205696,195052416,0.10545678142228189,0.0017490335582835013,6,"[""attn_norm.weight"", ""post_attention_norm.weight"", ""ssm_a"", ""ssm_conv1d.weight"", ""ssm_dt.bias"", ""ssm_norm.weight""]"
37,IQ4_XS,111411200,202957696,54.89380407629381,0.9473296883198254,3,"[""ffn_down.weight"", ""ffn_up.weight"", ""ssm_out.weight""]"
37,Q4_K,67829760,202957696,33.420639540567116,0.5767566043594231,2,"[""attn_gate.weight"", ""ffn_gate.weight""]"
37,IQ3_S,22528000,202957696,11.099850088956469,0.19155563550584706,1,"[""attn_qkv.weight""]"
37,BF16,983040,202957696,0.4843570947908277,0.008358791367527872,2,"[""ssm_alpha.weight"", ""ssm_beta.weight""]"
37,F32,205696,202957696,0.10134919939177867,0.0017490335582835013,6,"[""attn_norm.weight"", ""post_attention_norm.weight"", ""ssm_a"", ""ssm_conv1d.weight"", ""ssm_dt.bias"", ""ssm_norm.weight""]"
38,IQ4_XS,75202560,175842176,42.76707767765567,0.6394475396158822,2,"[""attn_qkv.weight"", ""ffn_down.weight""]"
38,IQ3_S,65331200,175842176,37.153316392081045,0.5555113429669565,3,"[""attn_gate.weight"", ""ffn_gate.weight"", ""ssm_out.weight""]"
38,IQ3_XXS,34119680,175842176,19.40358153893637,0.29011971704794653,1,"[""ffn_up.weight""]"
38,BF16,983040,175842176,0.5590467670281787,0.008358791367527872,2,"[""ssm_alpha.weight"", ""ssm_beta.weight""]"
38,F32,205696,175842176,0.11697762429873479,0.0017490335582835013,6,"[""attn_norm.weight"", ""post_attention_norm.weight"", ""ssm_a"", ""ssm_conv1d.weight"", ""ssm_dt.bias"", ""ssm_norm.weight""]"
39,IQ4_XS,100270080,183339008,54.691078071067125,0.8525967194878429,4,"[""attn_k.weight"", ""attn_v.weight"", ""ffn_down.weight"", ""ffn_gate.weight""]"
39,IQ3_S,65331200,183339008,35.6340970275131,0.5555113429669565,2,"[""attn_q.weight"", ""ffn_up.weight""]"
39,Q4_K,17694720,183339008,9.65136671842361,0.1504582446155017,1,"[""attn_output.weight""]"
39,F32,43008,183339008,0.023458182996168496,0.0003656971223293444,4,"[""attn_k_norm.weight"", ""attn_norm.weight"", ""attn_q_norm.weight"", ""post_attention_norm.weight""]"
40,IQ4_XS,158760960,194519936,81.61680661873136,1.3499448058557513,4,"[""ffn_down.weight"", ""ffn_gate.weight"", ""ffn_up.weight"", ""ssm_out.weight""]"
40,IQ3_S,22528000,194519936,11.581332208540312,0.19155563550584706,1,"[""attn_qkv.weight""]"
40,IQ3_XXS,12042240,194519936,6.190748489656094,0.10239519425221642,1,"[""attn_gate.weight""]"
40,BF16,983040,194519936,0.5053672236453954,0.008358791367527872,2,"[""ssm_alpha.weight"", ""ssm_beta.weight""]"
40,F32,205696,194519936,0.1057454594268425,0.0017490335582835013,6,"[""attn_norm.weight"", ""post_attention_norm.weight"", ""ssm_a"", ""ssm_conv1d.weight"", ""ssm_dt.bias"", ""ssm_norm.weight""]"
41,IQ3_S,103628800,159007616,65.17222420339917,0.8811559233268965,4,"[""attn_gate.weight"", ""ffn_down.weight"", ""ffn_gate.weight"", ""ssm_out.weight""]"
41,IQ3_XXS,54190080,159007616,34.080178901619405,0.4607783741349739,2,"[""attn_qkv.weight"", ""ffn_up.weight""]"
41,BF16,983040,159007616,0.6182345378978577,0.008358791367527872,2,"[""ssm_alpha.weight"", ""ssm_beta.weight""]"
41,F32,205696,159007616,0.12936235708357516,0.0017490335582835013,6,"[""attn_norm.weight"", ""post_attention_norm.weight"", ""ssm_a"", ""ssm_conv1d.weight"", ""ssm_dt.bias"", ""ssm_norm.weight""]"
42,IQ4_XS,75202560,190382976,39.50067468217326,0.6394475396158822,2,"[""attn_qkv.weight"", ""ffn_up.weight""]"
42,IQ3_S,51814400,190382976,27.2158787979026,0.44057796166344826,2,"[""ffn_gate.weight"", ""ssm_out.weight""]"
42,Q4_K,50135040,190382976,26.333783121448842,0.42629835974392144,1,"[""ffn_down.weight""]"
42,IQ3_XXS,12042240,190382976,6.3252714360342805,0.10239519425221642,1,"[""attn_gate.weight""]"
42,BF16,983040,190382976,0.5163486886558597,0.008358791367527872,2,"[""ssm_alpha.weight"", ""ssm_beta.weight""]"
42,F32,205696,190382976,0.10804327378515188,0.0017490335582835013,6,"[""attn_norm.weight"", ""post_attention_norm.weight"", ""ssm_a"", ""ssm_conv1d.weight"", ""ssm_dt.bias"", ""ssm_norm.weight""]"
43,IQ4_XS,144834560,189073408,76.60228983654856,1.231528594815773,4,"[""attn_output.weight"", ""attn_q.weight"", ""ffn_gate.weight"", ""ffn_up.weight""]"
43,IQ3_S,38297600,189073408,20.255413177933516,0.32564458035994,1,"[""ffn_down.weight""]"
43,Q4_K,5898240,189073408,3.1195502648368194,0.05015274820516723,2,"[""attn_k.weight"", ""attn_v.weight""]"
43,F32,43008,189073408,0.02274672068110181,0.0003656971223293444,4,"[""attn_k_norm.weight"", ""attn_norm.weight"", ""attn_q_norm.weight"", ""post_attention_norm.weight""]"
44,IQ4_XS,155975680,195462016,79.7984606891602,1.3262615636477557,5,"[""attn_gate.weight"", ""attn_qkv.weight"", ""ffn_down.weight"", ""ffn_up.weight"", ""ssm_out.weight""]"
44,IQ3_S,38297600,195462016,19.59337204421344,0.32564458035994,1,"[""ffn_gate.weight""]"
44,BF16,983040,195462016,0.5029314749316819,0.008358791367527872,2,"[""ssm_alpha.weight"", ""ssm_beta.weight""]"
44,F32,205696,195462016,0.10523579169468916,0.0017490335582835013,6,"[""attn_norm.weight"", ""post_attention_norm.weight"", ""ssm_a"", ""ssm_conv1d.weight"", ""ssm_dt.bias"", ""ssm_norm.weight""]"
45,IQ3_S,112640000,159990656,70.40411160011745,0.9577781775292353,4,"[""attn_qkv.weight"", ""ffn_down.weight"", ""ffn_gate.weight"", ""ssm_out.weight""]"
45,IQ3_XXS,46161920,159990656,28.852885008484495,0.39251491130016297,2,"[""attn_gate.weight"", ""ffn_up.weight""]"
45,BF16,983040,159990656,0.6144358830555704,0.008358791367527872,2,"[""ssm_alpha.weight"", ""ssm_beta.weight""]"
45,F32,205696,159990656,0.1285675083424872,0.0017490335582835013,6,"[""attn_norm.weight"", ""post_attention_norm.weight"", ""ssm_a"", ""ssm_conv1d.weight"", ""ssm_dt.bias"", ""ssm_norm.weight""]"
46,IQ3_S,128409600,167363456,76.72499305941675,1.0918671223833283,4,"[""attn_gate.weight"", ""ffn_down.weight"", ""ffn_gate.weight"", ""ffn_up.weight""]"
46,IQ3_XXS,20070400,167363456,11.992104178345839,0.17065865708702738,1,"[""attn_qkv.weight""]"
46,Q4_K,17694720,167363456,10.572630622541638,0.1504582446155017,1,"[""ssm_out.weight""]"
46,BF16,983040,167363456,0.5873683679189798,0.008358791367527872,2,"[""ssm_alpha.weight"", ""ssm_beta.weight""]"
46,F32,205696,167363456,0.12290377177679696,0.0017490335582835013,6,"[""attn_norm.weight"", ""post_attention_norm.weight"", ""ssm_a"", ""ssm_conv1d.weight"", ""ssm_dt.bias"", ""ssm_norm.weight""]"
47,Q4_K,53084160,179161088,29.629290931745178,0.45137473384650506,2,"[""attn_v.weight"", ""ffn_gate.weight""]"
47,IQ3_S,51814400,179161088,28.92056560853214,0.44057796166344826,2,"[""attn_output.weight"", ""ffn_up.weight""]"
47,IQ4_XS,50135040,179161088,27.983219213314893,0.42629835974392144,2,"[""attn_k.weight"", ""ffn_down.weight""]"
47,IQ3_XXS,24084480,179161088,13.44291903384735,0.20479038850443285,1,"[""attn_q.weight""]"
47,F32,43008,179161088,0.024005212560441695,0.0003656971223293444,4,"[""attn_k_norm.weight"", ""attn_norm.weight"", ""attn_q_norm.weight"", ""post_attention_norm.weight""]"
48,IQ3_S,76595200,172974976,44.281087225009934,0.65128916071988,2,"[""ffn_down.weight"", ""ffn_up.weight""]"
48,IQ4_XS,47349760,172974976,27.373763011824323,0.4026151175359258,1,"[""ffn_gate.weight""]"
48,IQ3_XXS,20070400,172974976,11.60306563649993,0.17065865708702738,1,"[""attn_qkv.weight""]"
48,Q4_K,17694720,172974976,10.229641540750958,0.1504582446155017,1,"[""ssm_out.weight""]"
48,IQ2_S,10076160,172974976,5.82521254403874,0.08567761151716069,1,"[""attn_gate.weight""]"
48,BF16,983040,172974976,0.5683134189306088,0.008358791367527872,2,"[""ssm_alpha.weight"", ""ssm_beta.weight""]"
48,F32,205696,172974976,0.1189166229455063,0.0017490335582835013,6,"[""attn_norm.weight"", ""post_attention_norm.weight"", ""ssm_a"", ""ssm_conv1d.weight"", ""ssm_dt.bias"", ""ssm_norm.weight""]"
49,IQ3_S,51814400,181658496,28.522970926721754,0.44057796166344826,2,"[""attn_gate.weight"", ""ffn_up.weight""]"
49,IQ4_XS,47349760,181658496,26.065260388371815,0.4026151175359258,1,"[""ffn_down.weight""]"
49,Q4_K,47185920,181658496,25.975069175955305,0.4012219856413378,2,"[""attn_qkv.weight"", ""ssm_out.weight""]"
49,IQ3_XXS,34119680,181658496,18.782319985738514,0.29011971704794653,1,"[""ffn_gate.weight""]"
49,BF16,983040,181658496,0.5411472744990689,0.008358791367527872,2,"[""ssm_alpha.weight"", ""ssm_beta.weight""]"
49,F32,205696,181658496,0.11323224871354214,0.0017490335582835013,6,"[""attn_norm.weight"", ""post_attention_norm.weight"", ""ssm_a"", ""ssm_conv1d.weight"", ""ssm_dt.bias"", ""ssm_norm.weight""]"
50,IQ4_XS,155975680,195462016,79.7984606891602,1.3262615636477557,5,"[""attn_gate.weight"", ""attn_qkv.weight"", ""ffn_down.weight"", ""ffn_gate.weight"", ""ssm_out.weight""]"
50,IQ3_S,38297600,195462016,19.59337204421344,0.32564458035994,1,"[""ffn_up.weight""]"
50,BF16,983040,195462016,0.5029314749316819,0.008358791367527872,2,"[""ssm_alpha.weight"", ""ssm_beta.weight""]"
50,F32,205696,195462016,0.10523579169468916,0.0017490335582835013,6,"[""attn_norm.weight"", ""post_attention_norm.weight"", ""ssm_a"", ""ssm_conv1d.weight"", ""ssm_dt.bias"", ""ssm_norm.weight""]"
51,IQ3_S,76595200,174450688,43.906504971766005,0.65128916071988,2,"[""ffn_gate.weight"", ""ffn_up.weight""]"
51,Q4_K,73728000,174450688,42.2629459621277,0.6269093525645903,4,"[""attn_k.weight"", ""attn_output.weight"", ""attn_v.weight"", ""ffn_down.weight""]"
51,IQ3_XXS,24084480,174450688,13.805895680961717,0.20479038850443285,1,"[""attn_q.weight""]"
51,F32,43008,174450688,0.024653385144574495,0.0003656971223293444,4,"[""attn_k_norm.weight"", ""attn_norm.weight"", ""attn_q_norm.weight"", ""post_attention_norm.weight""]"
52,IQ4_XS,80773120,192922496,41.86817072903722,0.6868140240318734,3,"[""attn_gate.weight"", ""ffn_gate.weight"", ""ssm_out.weight""]"
52,IQ3_S,60825600,192922496,31.52851599017255,0.517200215865787,2,"[""attn_qkv.weight"", ""ffn_up.weight""]"
52,Q4_K,50135040,192922496,25.98714045250586,0.42629835974392144,1,"[""ffn_down.weight""]"
52,BF16,983040,192922496,0.5095517735785463,0.008358791367527872,2,"[""ssm_alpha.weight"", ""ssm_beta.weight""]"
52,F32,205696,192922496,0.10662105470582342,0.0017490335582835013,6,"[""attn_norm.weight"", ""post_attention_norm.weight"", ""ssm_a"", ""ssm_conv1d.weight"", ""ssm_dt.bias"", ""ssm_norm.weight""]"
53,Q4_K,67829760,193905536,34.98082695276941,0.5767566043594231,2,"[""attn_gate.weight"", ""ffn_down.weight""]"
53,IQ4_XS,64061440,193905536,33.03744767761556,0.5447145707838996,2,"[""ffn_gate.weight"", ""ssm_out.weight""]"
53,IQ3_S,60825600,193905536,31.36867634351605,0.517200215865787,2,"[""attn_qkv.weight"", ""ffn_up.weight""]"
53,BF16,983040,193905536,0.5069685065618755,0.008358791367527872,2,"[""ssm_alpha.weight"", ""ssm_beta.weight""]"
53,F32,205696,193905536,0.10608051953710079,0.0017490335582835013,6,"[""attn_norm.weight"", ""post_attention_norm.weight"", ""ssm_a"", ""ssm_conv1d.weight"", ""ssm_dt.bias"", ""ssm_norm.weight""]"
54,IQ4_XS,155975680,195462016,79.7984606891602,1.3262615636477557,5,"[""attn_gate.weight"", ""attn_qkv.weight"", ""ffn_down.weight"", ""ffn_gate.weight"", ""ssm_out.weight""]"
54,IQ3_S,38297600,195462016,19.59337204421344,0.32564458035994,1,"[""ffn_up.weight""]"
54,BF16,983040,195462016,0.5029314749316819,0.008358791367527872,2,"[""ssm_alpha.weight"", ""ssm_beta.weight""]"
54,F32,205696,195462016,0.10523579169468916,0.0017490335582835013,6,"[""attn_norm.weight"", ""post_attention_norm.weight"", ""ssm_a"", ""ssm_conv1d.weight"", ""ssm_dt.bias"", ""ssm_norm.weight""]"
55,IQ3_S,76595200,171665408,44.618890254232234,0.65128916071988,2,"[""ffn_gate.weight"", ""ffn_up.weight""]"
55,IQ4_XS,47349760,171665408,27.58258670261629,0.4026151175359258,1,"[""ffn_down.weight""]"
55,IQ3_XXS,24084480,171665408,14.029897042507248,0.20479038850443285,1,"[""attn_q.weight""]"
55,Q4_K,23592960,171665408,13.743572613068324,0.2006109928206689,3,"[""attn_k.weight"", ""attn_output.weight"", ""attn_v.weight""]"
55,F32,43008,171665408,0.0250533875759058,0.0003656971223293444,4,"[""attn_k_norm.weight"", ""attn_norm.weight"", ""attn_q_norm.weight"", ""post_attention_norm.weight""]"
56,IQ3_S,99123200,184853376,53.62260735773633,0.842844796225727,3,"[""attn_qkv.weight"", ""ffn_gate.weight"", ""ffn_up.weight""]"
56,Q4_K,67829760,184853376,36.693817266285684,0.5767566043594231,2,"[""ffn_down.weight"", ""ssm_out.weight""]"
56,IQ4_XS,16711680,184853376,9.040505703287778,0.14209945324797382,1,"[""attn_gate.weight""]"
56,BF16,983040,184853376,0.5317944531345752,0.008358791367527872,2,"[""ssm_alpha.weight"", ""ssm_beta.weight""]"
56,F32,205696,184853376,0.1112752195556331,0.0017490335582835013,6,"[""attn_norm.weight"", ""post_attention_norm.weight"", ""ssm_a"", ""ssm_conv1d.weight"", ""ssm_dt.bias"", ""ssm_norm.weight""]"
57,IQ4_XS,158760960,195994496,81.00276448579454,1.3499448058557513,4,"[""ffn_down.weight"", ""ffn_gate.weight"", ""ffn_up.weight"", ""ssm_out.weight""]"
57,IQ3_S,36044800,195994496,18.390720523090607,0.3064890168093553,2,"[""attn_gate.weight"", ""attn_qkv.weight""]"
57,BF16,983040,195994496,0.5015651051751984,0.008358791367527872,2,"[""ssm_alpha.weight"", ""ssm_beta.weight""]"
57,F32,205696,195994496,0.10494988593965414,0.0017490335582835013,6,"[""attn_norm.weight"", ""post_attention_norm.weight"", ""ssm_a"", ""ssm_conv1d.weight"", ""ssm_dt.bias"", ""ssm_norm.weight""]"
58,IQ4_XS,111411200,193946496,57.4442963898662,0.9473296883198254,3,"[""attn_gate.weight"", ""ffn_down.weight"", ""ffn_gate.weight""]"
58,Q4_K,67829760,193946496,34.973439272653835,0.5767566043594231,2,"[""ffn_up.weight"", ""ssm_out.weight""]"
58,IQ2_XXS,13516800,193946496,6.969344782594061,0.11493338130350823,1,"[""attn_qkv.weight""]"
58,BF16,983040,193946496,0.5068614387341136,0.008358791367527872,2,"[""ssm_alpha.weight"", ""ssm_beta.weight""]"
58,F32,205696,193946496,0.10605811615178652,0.0017490335582835013,6,"[""attn_norm.weight"", ""post_attention_norm.weight"", ""ssm_a"", ""ssm_conv1d.weight"", ""ssm_dt.bias"", ""ssm_norm.weight""]"
59,IQ4_XS,97484800,172238848,56.598613571776795,0.8289134772798473,3,"[""attn_k.weight"", ""ffn_down.weight"", ""ffn_gate.weight""]"
59,IQ3_S,54067200,172238848,31.390827695271163,0.45973352521403293,3,"[""attn_output.weight"", ""attn_v.weight"", ""ffn_up.weight""]"
59,Q2_K,20643840,172238848,11.985588756376261,0.17553461871808532,1,"[""attn_q.weight""]"
59,F32,43008,172238848,0.02496997657578388,0.0003656971223293444,4,"[""attn_k_norm.weight"", ""attn_norm.weight"", ""attn_q_norm.weight"", ""post_attention_norm.weight""]"
60,IQ4_XS,111411200,186942336,59.59655922990071,0.9473296883198254,3,"[""attn_gate.weight"", ""ffn_down.weight"", ""ffn_gate.weight""]"
60,IQ3_S,74342400,186942336,39.7675569861286,0.6321335971692953,3,"[""attn_qkv.weight"", ""ffn_up.weight"", ""ssm_out.weight""]"
60,BF16,983040,186942336,0.5258519932050063,0.008358791367527872,2,"[""ssm_alpha.weight"", ""ssm_beta.weight""]"
60,F32,205696,186942336,0.11003179076568295,0.0017490335582835013,6,"[""attn_norm.weight"", ""post_attention_norm.weight"", ""ssm_a"", ""ssm_conv1d.weight"", ""ssm_dt.bias"", ""ssm_norm.weight""]"
61,IQ4_XS,111411200,184484736,60.390470461469505,0.9473296883198254,3,"[""attn_gate.weight"", ""ffn_down.weight"", ""ffn_gate.weight""]"
61,IQ3_S,51814400,184484736,28.086009240352546,0.44057796166344826,2,"[""ffn_up.weight"", ""ssm_out.weight""]"
61,IQ3_XXS,20070400,184484736,10.879165634602963,0.17065865708702738,1,"[""attn_qkv.weight""]"
61,BF16,983040,184484736,0.5328570923070839,0.008358791367527872,2,"[""ssm_alpha.weight"", ""ssm_beta.weight""]"
61,F32,205696,184484736,0.11149757126790154,0.0017490335582835013,6,"[""attn_norm.weight"", ""post_attention_norm.weight"", ""ssm_a"", ""ssm_conv1d.weight"", ""ssm_dt.bias"", ""ssm_norm.weight""]"
62,IQ4_XS,75202560,191857536,39.197084236503485,0.6394475396158822,2,"[""attn_qkv.weight"", ""ffn_gate.weight""]"
62,IQ3_S,65331200,191857536,34.05193320110188,0.5555113429669565,3,"[""attn_gate.weight"", ""ffn_down.weight"", ""ssm_out.weight""]"
62,Q4_K,50135040,191857536,26.131389491002324,0.42629835974392144,1,"[""ffn_up.weight""]"
62,BF16,983040,191857536,0.5123801860980848,0.008358791367527872,2,"[""ssm_alpha.weight"", ""ssm_beta.weight""]"
62,F32,205696,191857536,0.10721288529422164,0.0017490335582835013,6,"[""attn_norm.weight"", ""post_attention_norm.weight"", ""ssm_a"", ""ssm_conv1d.weight"", ""ssm_dt.bias"", ""ssm_norm.weight""]"
63,IQ4_XS,144834560,196036608,73.88138444019599,1.231528594815773,4,"[""attn_k.weight"", ""ffn_down.weight"", ""ffn_gate.weight"", ""ffn_up.weight""]"
63,Q4_K,35389440,196036608,18.052464976337482,0.3009164892310034,1,"[""attn_q.weight""]"
63,IQ3_S,15769600,196036608,8.044211823946679,0.13408894485409295,2,"[""attn_output.weight"", ""attn_v.weight""]"
63,F32,43008,196036608,0.021938759519854578,0.0003656971223293444,4,"[""attn_k_norm.weight"", ""attn_norm.weight"", ""attn_q_norm.weight"", ""post_attention_norm.weight""]"
