group,main_over_candidate_wall_ratio,arm,group_wall_s,group_output_tok_s,n_requests,max_request_wall_s,TTFT_p95_s,prefill_mean_s,decode_mean_s,queue_mean_s,MTP_acceptance_fraction,MTP_mean_acceptance_length
main_1024_1_0,0.9558027311629144,main,2.1912798336707056,58.413351883762736,1,2.187362208031118,0.34734500013291836,0.32276328559964895,1.841147059109062,2.8098002076148987e-05,0.32727272727272727,2.309090909090909
main_1024_1_0,0.9558027311629144,patched,2.2926067924126983,55.83164126688079,1,2.288268971722573,0.3465456129051745,0.3222284782677889,1.9429597528651357,2.7063768357038498e-05,0.2786885245901639,2.1147540983606556
main_1024_4_0,0.9904689671153378,main,13.14781164098531,38.94184172854717,4,13.145672895945609,9.590570888947695,6.546627942007035,6.091642606887035,0.01313822262454778,0.39303482587064675,2.572139303482587
main_1024_4_0,0.9904689671153378,patched,13.274329714011401,38.570685754443076,4,13.270298830233514,10.504114894196391,6.184975249343552,6.74184632091783,2.0774081349372864e-05,0.3516355140186916,2.406542056074766
main_1024_8_0,1.349399919395097,main,7.963069342076778,128.5936309243465,8,7.957920113578439,3.094219739548862,1.2414827481261455,5.655232223449275,0.321322177129332,0.3627684964200477,2.451073985680191
main_1024_8_0,1.349399919395097,patched,5.90119298780337,173.52423520403602,8,5.896514229942113,2.527830653358251,1.08638300182065,3.802000193914864,0.31916486704722047,0.3555424528301887,2.422169811320755
main_1024_1_1,0.9465886837577153,main,1.985245788935572,64.47564362729598,1,1.9820733782835305,0.3412391413003206,0.32276255916804075,1.6421674322336912,2.7792993932962418e-05,0.40816326530612246,2.63265306122449
main_1024_1_1,0.9465886837577153,patched,2.097263386938721,61.03191463559364,1,2.0933138029649854,0.3414593688212335,0.32281128596514463,1.753080579917878,5.184300243854523e-05,0.32727272727272727,2.309090909090909
main_1024_4_1,1.1804066633439647,main,5.066355644259602,101.05883517674444,4,5.062371580861509,1.3638414186425507,0.7220671303803101,3.8636033593211323,0.013121141702868044,0.33755760368663595,2.3502304147465436
main_1024_4_1,1.1804066633439647,patched,4.29204256599769,119.2905224324086,4,4.288932853844017,1.4280663188546896,0.7406187416054308,3.2145609790459275,2.290261909365654e-05,0.3246606334841629,2.2986425339366514
main_1024_8_1,1.345572279158143,main,7.703874750994146,132.92012566375874,8,7.699635432101786,2.6349360486492515,1.1228623550850898,5.563456593779847,0.32159877324011177,0.32545045045045046,2.301801801801802
main_1024_8_1,1.345572279158143,patched,5.725351859815419,178.85363643537065,8,5.72148673562333,2.4665379719808698,1.0664020235999487,3.7976710766670294,0.3035617543500848,0.35959715639810425,2.4383886255924168
main_1024_1_2,0.9526882991588604,main,2.08689490519464,61.335144228579026,1,2.0829845862463117,0.3421079101972282,0.3235058388672769,1.7422126708552241,2.8662383556365967e-05,0.3605769230769231,2.4423076923076925
main_1024_1_2,0.9526882991588604,patched,2.190532734617591,58.433274233788346,1,2.1864845394156873,0.3386437031440437,0.322633049916476,1.8491346989758313,3.156810998916626e-05,0.3017241379310345,2.206896551724138
main_1024_4_2,1.1516718791445866,main,5.163137753959745,99.16450507394148,4,5.159876024816185,1.3567138239741325,0.7214543116278946,3.975062982062809,0.013146200799383223,0.3352534562211982,2.3410138248847927
main_1024_4_2,1.1516718791445866,patched,4.483167339116335,114.20497190294907,4,4.478546608705074,1.5149842416867614,0.8027254976332188,3.145836334908381,0.007513975375331938,0.33181818181818185,2.327272727272727
main_1024_8_2,1.1828484490807991,main,12.143859301228076,84.32245257456545,8,12.13934338092804,7.340844207908958,3.7093991900328547,7.65635489061242,0.20269067771732807,0.3503521126760563,2.401408450704225
main_1024_8_2,1.1828484490807991,patched,10.26662317616865,99.74068225051398,8,10.263631047680974,6.9526718789711595,3.3731371051399037,6.0515320134582,0.16078088816720992,0.3400229357798165,2.3600917431192663
decode_1024_1_0,0.9516125176088817,main,12.924618705175817,79.2286428991462,1,12.903269095346332,0.3402277291752398,0.3231261749751866,12.56411635922268,2.8872862458229065e-05,0.42658730158730157,2.7063492063492065
decode_1024_1_0,0.9516125176088817,patched,13.581808210816234,75.39496833599155,1,13.559954517055303,0.338606096804142,0.3230949938297272,13.22228171210736,5.0996895879507065e-05,0.36835748792270534,2.4734299516908216
decode_1024_8_0,1.4944072111736932,main,40.64831170998514,201.5335854154961,8,40.62597666773945,2.7908625691197813,1.242400191782508,37.01075139240129,0.22188355401158333,0.43486622073578596,2.739464882943144
decode_1024_8_0,1.4944072111736932,patched,27.20029146410525,301.1732433386068,8,27.18029409693554,2.6400674898177385,1.0448202888364904,23.673351608682424,0.16084494715323672,0.46279554937413075,2.851182197496523
main_8192_1_0,1.0095722069139523,main,4.248138051945716,30.130847546579595,1,4.245318826753646,2.611680675763637,2.548525230959058,1.642466606106609,3.732973709702492e-05,0.4114583333333333,2.645833333333333
main_8192_1_0,1.0095722069139523,patched,4.2078595496714115,30.419266253788205,1,4.203834675718099,2.4922769987024367,2.4380991011857986,1.7205522758886218,4.1379593312740326e-05,0.3490566037735849,2.3962264150943398
main_32768_1_0,1.0740702344272504,main,13.059220561757684,9.801503802978273,1,13.054588858038187,11.131787028163671,10.952280117198825,1.95600711600855,2.811988815665245e-05,0.3169642857142857,2.267857142857143
main_32768_1_0,1.0740702344272504,patched,12.158628126140684,10.52750348740446,1,12.155154992826283,10.629597687162459,10.450823413208127,1.5610414408147335,4.324689507484436e-05,0.44148936170212766,2.7659574468085104
main_65536_1_0,1.0447430291991702,main,24.802309880964458,5.1608096429050265,1,24.797808988019824,23.10233032470569,22.801914782729,1.7591498410329223,4.8206187784671783e-05,0.4030612244897959,2.612244897959184
main_65536_1_0,1.0447430291991702,patched,23.74010564107448,5.391719899448885,1,23.735813112929463,22.09237862471491,21.784757466055453,1.7087621144019067,2.6853755116462708e-05,0.39,2.56
main_131072_1_0,1.0438673925716107,main,50.88618095777929,2.5154176947608375,1,50.880431584082544,48.914509968832135,48.43023827299476,2.0629290393553674,5.41098415851593e-05,0.33636363636363636,2.3454545454545457
main_131072_1_0,1.0438673925716107,patched,48.74774451227859,2.625762510258487,1,48.74211889505386,46.92722324701026,46.36302796192467,1.910704995971173,4.970701411366463e-05,0.35377358490566035,2.4150943396226414
main_261888_1_0,1.0433990155875332,main,106.50295162387192,1.2018446254151482,1,106.49527420196682,104.34245180897415,103.37183910002932,2.319067914970219,3.091292455792427e-05,0.3169642857142857,2.267857142857143
main_261888_1_0,1.0433990155875332,patched,102.07308041583747,1.2540034990473332,1,102.06571304099634,100.01386701501906,99.05535914190114,2.234355570282787,5.025602877140045e-05,0.32142857142857145,2.2857142857142856
decode_32768_1_0,1.1157520622695916,main,24.13722512498498,42.424097828048794,1,24.11660501221195,11.134046631865203,10.96479107113555,13.014621939975768,2.887379378080368e-05,0.42724867724867727,2.708994708994709
decode_32768_1_0,1.1157520622695916,patched,21.633144083898515,47.33477464157234,1,21.62475453224033,10.638814715202898,10.462781611829996,11.021595308091491,4.5863911509513855e-05,0.525679758308157,3.102719033232628
decode_32768_8_0,1.1441428470512394,main,135.01337774982676,60.67546887967931,8,134.9917709333822,94.27570200525224,31.70479346252978,76.10194631537888,22.520015795365907,0.45524956970740105,2.820998278829604
decode_32768_8_0,1.1441428470512394,patched,118.00395212695003,69.42140371016515,8,117.98158094007522,90.40722211822867,30.31709671288263,60.67057713895338,21.609689443954267,0.4437669376693767,2.7750677506775068
decode_65536_1_0,1.0584920782574512,main,36.21977178379893,28.27185124501624,1,36.198351732920855,23.106709551997483,22.822920272126794,13.1568111050874,2.859579399228096e-05,0.44018817204301075,2.760752688172043
decode_65536_1_0,1.0584920782574512,patched,34.21827383292839,29.925530580522754,1,34.19886662485078,22.096493891905993,21.803477411158383,12.167370508890599,6.723403930664062e-05,0.4705056179775281,2.8820224719101124
decode_65536_8_0,1.1544961962506302,main,263.5789802209474,31.07986833067259,8,263.56241375533864,244.94805521098897,77.28479750599945,117.02983930468326,42.02374440646963,0.4826723829939264,2.9306895319757054
decode_65536_8_0,1.1544961962506302,patched,228.3064951421693,35.881589767731924,8,228.28703669598326,210.16894654091448,70.72574437095318,91.36048975848826,40.371230264834594,0.49753919066715274,2.9901567626686107
main_1024_2_0,1.1822314122437887,main,3.275174737907946,78.16376849667655,2,3.271093144081533,0.5967869269661605,0.5645465250127017,2.62629152322188,3.0021416023373604e-05,0.31194690265486724,2.247787610619469
main_1024_2_0,1.1822314122437887,patched,2.770333036314696,92.40766241612248,2,2.7626989353448153,0.7337396321818233,0.3459304890129715,2.2133983550593257,2.8452370315790176e-05,0.31919642857142855,2.2767857142857144
main_131072_1_1,1.0460472661230853,main,50.48384098522365,2.535464764605865,1,50.47928750095889,48.66559488605708,48.15097156120464,1.9103668029420078,2.763979136943817e-05,0.37745098039215685,2.5098039215686274
main_131072_1_1,1.0460472661230853,patched,48.261529493145645,2.652215985367377,1,48.255872703157365,46.48110598605126,45.99387274496257,1.8742668922059238,8.5397157818079e-05,0.3701923076923077,2.480769230769231
